Tijdstempel;E-mailadres;Vul je voor- en achternaam in:;Vul je (Zuyd) studentnummer in:;Ben je vegetarisch?;Heb je allergieën?;Welke allergie (allergieën) heb je?;Op welke dag(en) ben je aanwezig? (Meerdere antwoorden zijn mogelijk);Neem je deel aan de overnachting in het Zuyd gebouw?;Aan welke lezing neem je deel?;Kies je workshop;Kies je workshop;Wil je een plek reserveren voor je ingeschreven lezing?;Plek reserveren;Groep reserveren;Groepslid 1;Groepslid 2;Groepslid 3;Groepslid 4;Groepslid 5;Groepslid 6;Groepslid 7;Hoeveel groepsleden heb je ingevuld? (exclusief jezelf)
11-05-18 16:45;bas1@outlook.com;bas korver1;1;Nee;Nee;;Alle dagen;Ja: de nacht van vrijdag op zaterdag.;"Lezing ""de nieuwste oplossingen om de Space Frontier te overwinnen""";Workshop 1 Oplossingen;;Ja;Ja;Nee;;;;;;;;
11-05-18 16:47;bas2@outlook.com;bas korver2;2;Ja;Ja;Lactose;Vrijdag en zaterdag;Nee;"Lezing ""de nieuwste oplossingen om de Space Frontier te overwinnen""";Workshop 2 Oplossingen;;Ja;Ja;Ja;bas korver1;bas korver3;;;;;;2
11-05-18 16:48;bas3@outlook.com;bas korver3;3;Nee;Ja;lactose;Vrijdag en zaterdag;Ja: de nacht van vrijdag op zaterdag én de nacht van zaterdag op zondag.;"Lezing ""de nieuwste oplossingen om de Space Frontier te overwinnen""";Workshop 3 Oplossingen;;Ja;Ja;Nee;;;;;;;;
11-09-18 17:11;bas4@outlook.com;bas korver4;4;Nee;Nee;;Alle dagen;Nee;"Lezing ""de charme van Space Exploration""";;Workshop 2 Charme;Ja;Ja;Nee;;;;;;;;
11-09-18 17:11;bas4@outlook.com;bas korver5;5;Nee;Nee;;Alle dagen;Nee;"Lezing ""de charme van Space Exploration""";;Workshop 3 Charme;Ja;Ja;Nee;;;;;;;;
11-09-18 17:11;bas4@outlook.com;bas korver6;6;Nee;Nee;;Alle dagen;Nee;"Lezing ""de charme van Space Exploration""";;Workshop 1 Charme;Ja;Ja;Nee;;;;;;;;
11-09-18 17:11;bas4@outlook.com;bas korver7;7;Nee;Nee;;Alle dagen;Nee;"Lezing ""de charme van Space Exploration""";;Workshop 2 Charme;Ja;Ja;Nee;;;;;;;;
11-09-18 17:11;bas4@outlook.com;bas korver8;8;Nee;Nee;;Alle dagen;Nee;"Lezing ""de charme van Space Exploration""";;Workshop 3 Charme;Ja;Ja;Nee;;;;;;;;
11-09-18 17:11;bas4@outlook.com;bas korver9;9;Nee;Nee;;Alle dagen;Nee;"Lezing ""de charme van Space Exploration""";;Workshop 1 Charme;Ja;Ja;Nee;;;;;;;;
11-09-18 17:11;bas4@outlook.com;bas korver10;10;Nee;Nee;;Alle dagen;Nee;"Lezing ""de charme van Space Exploration""";;Workshop 2 Charme;Ja;Ja;Nee;;;;;;;;
11-09-18 17:11;bas4@outlook.com;bas korver11;11;Nee;Nee;;Alle dagen;Nee;"Lezing ""de charme van Space Exploration""";;Workshop 3 Charme;Ja;Ja;Nee;;;;;;;;
11-09-18 17:11;bas4@outlook.com;bas korver12;12;Nee;Nee;;Alle dagen;Nee;"Lezing ""de charme van Space Exploration""";;Workshop 1 Charme;Ja;Ja;Nee;;;;;;;;
11-09-18 17:11;bas4@outlook.com;bas korver13;13;Nee;Nee;;Alle dagen;Nee;"Lezing ""de charme van Space Exploration""";;Workshop 2 Charme;Ja;Ja;Nee;;;;;;;;
11-09-18 17:11;bas4@outlook.com;bas korver14;14;Nee;Nee;;Alle dagen;Nee;"Lezing ""de charme van Space Exploration""";;Workshop 3 Charme;Ja;Ja;Nee;;;;;;;;
11-09-18 17:11;bas4@outlook.com;bas korver15;15;Nee;Nee;;Alle dagen;Nee;"Lezing ""de charme van Space Exploration""";;Workshop 1 Charme;Ja;Ja;Nee;;;;;;;;
11-09-18 17:11;bas4@outlook.com;bas korver16;16;Nee;Nee;;Alle dagen;Nee;"Lezing ""de charme van Space Exploration""";;Workshop 2 Charme;Ja;Ja;Nee;;;;;;;;
11-09-18 17:11;bas4@outlook.com;bas korver17;17;Nee;Nee;;Alle dagen;Nee;"Lezing ""de charme van Space Exploration""";;Workshop 3 Charme;Ja;Ja;Nee;;;;;;;;
11-09-18 17:11;bas4@outlook.com;bas korver18;18;Nee;Nee;;Alle dagen;Nee;"Lezing ""de charme van Space Exploration""";;Workshop 1 Charme;Ja;Ja;Nee;;;;;;;;
11-09-18 17:11;bas4@outlook.com;bas korver19;19;Nee;Nee;;Alle dagen;Nee;"Lezing ""de charme van Space Exploration""";;Workshop 2 Charme;Ja;Ja;Nee;;;;;;;;
11-09-18 17:11;bas4@outlook.com;bas korver20;20;Nee;Nee;;Alle dagen;Nee;"Lezing ""de charme van Space Exploration""";;Workshop 3 Charme;Ja;Ja;Nee;;;;;;;;
11-09-18 17:11;bas4@outlook.com;bas korver21;21;Nee;Nee;;Alle dagen;Nee;"Lezing ""de charme van Space Exploration""";;Workshop 1 Charme;Ja;Ja;Nee;;;;;;;;
11-09-18 17:11;bas4@outlook.com;bas korver22;22;Nee;Nee;;Alle dagen;Nee;"Lezing ""de charme van Space Exploration""";;Workshop 2 Charme;Ja;Ja;Nee;;;;;;;;
11-09-18 17:11;bas4@outlook.com;bas korver23;23;Nee;Nee;;Alle dagen;Nee;"Lezing ""de charme van Space Exploration""";;Workshop 3 Charme;Ja;Ja;Nee;;;;;;;;
11-09-18 17:11;bas4@outlook.com;bas korver24;24;Nee;Nee;;Alle dagen;Nee;"Lezing ""de charme van Space Exploration""";;Workshop 1 Charme;Ja;Ja;Nee;;;;;;;;
11-09-18 17:11;bas4@outlook.com;bas korver25;25;Nee;Nee;;Alle dagen;Nee;"Lezing ""de charme van Space Exploration""";;Workshop 2 Charme;Ja;Ja;Nee;;;;;;;;
11-09-18 17:11;bas4@outlook.com;bas korver26;26;Nee;Nee;;Alle dagen;Nee;"Lezing ""de charme van Space Exploration""";;Workshop 3 Charme;Ja;Ja;Nee;;;;;;;;
11-09-18 17:11;bas4@outlook.com;bas korver27;27;Nee;Nee;;Alle dagen;Nee;"Lezing ""de charme van Space Exploration""";;Workshop 1 Charme;Ja;Ja;Nee;;;;;;;;
11-09-18 17:11;bas4@outlook.com;bas korver28;28;Nee;Nee;;Alle dagen;Nee;"Lezing ""de charme van Space Exploration""";;Workshop 2 Charme;Ja;Ja;Nee;;;;;;;;
11-09-18 17:11;bas4@outlook.com;bas korver29;29;Nee;Nee;;Alle dagen;Nee;"Lezing ""de charme van Space Exploration""";;Workshop 3 Charme;Ja;Ja;Nee;;;;;;;;
11-09-18 17:11;bas4@outlook.com;bas korver30;30;Nee;Nee;;Alle dagen;Nee;"Lezing ""de charme van Space Exploration""";;Workshop 1 Charme;Ja;Ja;Nee;;;;;;;;
11-09-18 17:11;bas4@outlook.com;bas korver31;31;Nee;Nee;;Alle dagen;Nee;"Lezing ""de charme van Space Exploration""";;Workshop 2 Charme;Ja;Ja;Nee;;;;;;;;
11-09-18 17:11;bas4@outlook.com;bas korver32;32;Nee;Nee;;Alle dagen;Nee;"Lezing ""de charme van Space Exploration""";;Workshop 3 Charme;Ja;Ja;Nee;;;;;;;;
11-09-18 17:11;bas4@outlook.com;bas korver33;33;Nee;Nee;;Alle dagen;Nee;"Lezing ""de charme van Space Exploration""";;Workshop 1 Charme;Ja;Ja;Nee;;;;;;;;
11-09-18 17:11;bas4@outlook.com;bas korver34;34;Nee;Nee;;Alle dagen;Nee;"Lezing ""de charme van Space Exploration""";;Workshop 2 Charme;Ja;Ja;Nee;;;;;;;;
11-09-18 17:11;bas4@outlook.com;bas korver35;35;Nee;Nee;;Alle dagen;Nee;"Lezing ""de charme van Space Exploration""";;Workshop 3 Charme;Ja;Ja;Nee;;;;;;;;
11-09-18 17:11;bas4@outlook.com;bas korver36;36;Nee;Nee;;Alle dagen;Nee;"Lezing ""de charme van Space Exploration""";;Workshop 3 Charme;Ja;Ja;Nee;;;;;;;;
11-09-18 17:11;bas4@outlook.com;bas korver37;37;Nee;Nee;;Alle dagen;Nee;"Lezing ""de charme van Space Exploration""";;Workshop 2 Charme;Ja;Ja;Nee;;;;;;;;
11-09-18 17:11;bas4@outlook.com;bas korver38;38;Nee;Nee;;Alle dagen;Nee;"Lezing ""de charme van Space Exploration""";;Workshop 3 Charme;Ja;Ja;Nee;;;;;;;;
11-09-18 17:11;bas4@outlook.com;bas korver39;39;Nee;Nee;;Alle dagen;Nee;"Lezing ""de charme van Space Exploration""";;Workshop 1 Charme;Ja;Ja;Nee;;;;;;;;
11-09-18 17:11;bas4@outlook.com;bas korver40;40;Nee;Nee;;Alle dagen;Nee;"Lezing ""de charme van Space Exploration""";;Workshop 2 Charme;Ja;Ja;Nee;;;;;;;;
11-09-18 17:11;bas4@outlook.com;bas korver41;41;Nee;Nee;;Alle dagen;Nee;"Lezing ""de charme van Space Exploration""";;Workshop 3 Charme;Ja;Ja;Nee;;;;;;;;
11-09-18 17:11;bas4@outlook.com;bas korver42;42;Nee;Nee;;Alle dagen;Nee;"Lezing ""de charme van Space Exploration""";;Workshop 1 Charme;Ja;Ja;Nee;;;;;;;;
11-09-18 17:11;bas4@outlook.com;bas korver43;43;Nee;Nee;;Alle dagen;Nee;"Lezing ""de charme van Space Exploration""";;Workshop 2 Charme;Ja;Ja;Nee;;;;;;;;
11-09-18 17:11;bas4@outlook.com;bas korver44;44;Nee;Nee;;Alle dagen;Nee;"Lezing ""de charme van Space Exploration""";;Workshop 3 Charme;Ja;Ja;Nee;;;;;;;;
11-09-18 17:11;bas4@outlook.com;bas korver45;45;Nee;Nee;;Alle dagen;Nee;"Lezing ""de charme van Space Exploration""";;Workshop 1 Charme;Ja;Ja;Nee;;;;;;;;
11-09-18 17:11;bas4@outlook.com;bas korver46;46;Nee;Nee;;Alle dagen;Nee;"Lezing ""de charme van Space Exploration""";;Workshop 2 Charme;Ja;Ja;Nee;;;;;;;;
11-09-18 17:11;bas4@outlook.com;bas korver47;47;Nee;Nee;;Alle dagen;Nee;"Lezing ""de charme van Space Exploration""";;Workshop 3 Charme;Ja;Ja;Nee;;;;;;;;
11-09-18 17:11;bas4@outlook.com;bas korver48;48;Nee;Nee;;Alle dagen;Nee;"Lezing ""de charme van Space Exploration""";;Workshop 1 Charme;Ja;Ja;Nee;;;;;;;;
11-09-18 17:11;bas4@outlook.com;bas korver49;49;Nee;Nee;;Alle dagen;Nee;"Lezing ""de charme van Space Exploration""";;Workshop 2 Charme;Ja;Ja;Nee;;;;;;;;
11-09-18 17:11;bas4@outlook.com;bas korver50;50;Nee;Nee;;Alle dagen;Nee;"Lezing ""de charme van Space Exploration""";;Workshop 3 Charme;Ja;Ja;Nee;;;;;;;;
11-09-18 17:11;bas4@outlook.com;bas korver51;51;Nee;Nee;;Alle dagen;Nee;"Lezing ""de charme van Space Exploration""";;Workshop 1 Charme;Ja;Ja;Nee;;;;;;;;
11-09-18 17:11;bas4@outlook.com;bas korver52;52;Nee;Nee;;Alle dagen;Nee;"Lezing ""de charme van Space Exploration""";;Workshop 2 Charme;Ja;Ja;Nee;;;;;;;;
11-09-18 17:11;bas4@outlook.com;bas korver53;53;Nee;Nee;;Alle dagen;Nee;"Lezing ""de charme van Space Exploration""";;Workshop 3 Charme;Ja;Ja;Nee;;;;;;;;
11-09-18 17:11;bas4@outlook.com;bas korver54;54;Nee;Nee;;Alle dagen;Nee;"Lezing ""de charme van Space Exploration""";;Workshop 1 Charme;Ja;Ja;Nee;;;;;;;;
11-09-18 17:11;bas4@outlook.com;bas korver55;55;Nee;Nee;;Alle dagen;Nee;"Lezing ""de charme van Space Exploration""";;Workshop 2 Charme;Ja;Ja;Nee;;;;;;;;
11-09-18 17:11;bas4@outlook.com;bas korver56;56;Nee;Nee;;Alle dagen;Nee;"Lezing ""de charme van Space Exploration""";;Workshop 3 Charme;Ja;Ja;Nee;;;;;;;;
11-09-18 17:11;bas4@outlook.com;bas korver57;57;Nee;Nee;;Alle dagen;Nee;"Lezing ""de charme van Space Exploration""";;Workshop 1 Charme;Ja;Ja;Nee;;;;;;;;
11-09-18 17:11;bas4@outlook.com;bas korver58;58;Nee;Nee;;Alle dagen;Nee;"Lezing ""de charme van Space Exploration""";;Workshop 2 Charme;Ja;Ja;Nee;;;;;;;;
11-09-18 17:11;bas4@outlook.com;bas korver59;59;Nee;Nee;;Alle dagen;Nee;"Lezing ""de charme van Space Exploration""";;Workshop 3 Charme;Ja;Ja;Nee;;;;;;;;
11-09-18 17:11;bas4@outlook.com;bas korver60;60;Nee;Nee;;Alle dagen;Nee;"Lezing ""de charme van Space Exploration""";;Workshop 1 Charme;Ja;Ja;Nee;;;;;;;;
11-09-18 17:11;bas4@outlook.com;bas korver61;61;Nee;Nee;;Alle dagen;Nee;"Lezing ""de charme van Space Exploration""";;Workshop 2 Charme;Ja;Ja;Nee;;;;;;;;
11-09-18 17:11;bas4@outlook.com;bas korver62;62;Nee;Nee;;Alle dagen;Nee;"Lezing ""de charme van Space Exploration""";;Workshop 3 Charme;Ja;Ja;Nee;;;;;;;;
11-09-18 17:11;bas4@outlook.com;bas korver63;63;Nee;Nee;;Alle dagen;Nee;"Lezing ""de charme van Space Exploration""";;Workshop 1 Charme;Ja;Ja;Nee;;;;;;;;
11-09-18 17:11;bas4@outlook.com;bas korver64;64;Nee;Nee;;Alle dagen;Nee;"Lezing ""de charme van Space Exploration""";;Workshop 2 Charme;Ja;Ja;Nee;;;;;;;;
11-09-18 17:11;bas4@outlook.com;bas korver65;65;Nee;Nee;;Alle dagen;Nee;"Lezing ""de charme van Space Exploration""";;Workshop 3 Charme;Ja;Ja;Nee;;;;;;;;
11-09-18 17:11;bas4@outlook.com;bas korver66;66;Nee;Nee;;Alle dagen;Nee;"Lezing ""de charme van Space Exploration""";;Workshop 1 Charme;Ja;Ja;Nee;;;;;;;;
11-09-18 17:11;bas4@outlook.com;bas korver67;67;Nee;Nee;;Alle dagen;Nee;"Lezing ""de charme van Space Exploration""";;Workshop 2 Charme;Ja;Ja;Nee;;;;;;;;
11-09-18 17:11;bas4@outlook.com;bas korver68;68;Nee;Nee;;Alle dagen;Nee;"Lezing ""de charme van Space Exploration""";;Workshop 3 Charme;Ja;Ja;Nee;;;;;;;;
11-09-18 17:11;bas4@outlook.com;bas korver69;69;Nee;Nee;;Alle dagen;Nee;"Lezing ""de charme van Space Exploration""";;Workshop 1 Charme;Ja;Ja;Nee;;;;;;;;
11-09-18 17:11;bas4@outlook.com;bas korver70;70;Nee;Nee;;Alle dagen;Nee;"Lezing ""de charme van Space Exploration""";;Workshop 2 Charme;Ja;Ja;Nee;;;;;;;;
11-09-18 17:11;bas4@outlook.com;bas korver71;71;Nee;Nee;;Alle dagen;Nee;"Lezing ""de charme van Space Exploration""";;Workshop 3 Charme;Ja;Ja;Nee;;;;;;;;
11-09-18 17:11;bas4@outlook.com;bas korver72;72;Nee;Nee;;Alle dagen;Nee;"Lezing ""de charme van Space Exploration""";;Workshop 1 Charme;Ja;Ja;Nee;;;;;;;;
11-09-18 17:11;bas4@outlook.com;bas korver73;73;Nee;Nee;;Alle dagen;Nee;"Lezing ""de charme van Space Exploration""";;Workshop 2 Charme;Ja;Ja;Nee;;;;;;;;
11-09-18 17:11;bas4@outlook.com;bas korver74;74;Nee;Nee;;Alle dagen;Nee;"Lezing ""de charme van Space Exploration""";;Workshop 3 Charme;Ja;Ja;Nee;;;;;;;;
11-09-18 17:11;bas4@outlook.com;bas korver75;75;Nee;Nee;;Alle dagen;Nee;"Lezing ""de nieuwste oplossingen om de Space Frontier te overwinnen""";Workshop 3 Oplossingen;;Ja;Ja;Nee;;;;;;;;
11-09-18 17:11;bas4@outlook.com;bas korver76;76;Nee;Nee;;Alle dagen;Nee;"Lezing ""de nieuwste oplossingen om de Space Frontier te overwinnen""";Workshop 1 Oplossingen;;Ja;Ja;Nee;;;;;;;;
11-09-18 17:11;bas4@outlook.com;bas korver77;77;Nee;Nee;;Alle dagen;Nee;"Lezing ""de nieuwste oplossingen om de Space Frontier te overwinnen""";Workshop 2 Oplossingen;;Ja;Ja;Nee;;;;;;;;
11-09-18 17:11;bas4@outlook.com;bas korver78;78;Nee;Nee;;Alle dagen;Nee;"Lezing ""de nieuwste oplossingen om de Space Frontier te overwinnen""";Workshop 3 Oplossingen;;Ja;Ja;Nee;;;;;;;;
11-09-18 17:11;bas4@outlook.com;bas korver79;79;Nee;Nee;;Alle dagen;Nee;"Lezing ""de nieuwste oplossingen om de Space Frontier te overwinnen""";Workshop 1 Oplossingen;;Ja;Ja;Nee;;;;;;;;
11-09-18 17:11;bas4@outlook.com;bas korver80;80;Nee;Nee;;Alle dagen;Nee;"Lezing ""de nieuwste oplossingen om de Space Frontier te overwinnen""";Workshop 2 Oplossingen;;Ja;Ja;Nee;;;;;;;;
11-09-18 17:11;bas4@outlook.com;bas korver81;81;Nee;Nee;;Alle dagen;Nee;"Lezing ""de nieuwste oplossingen om de Space Frontier te overwinnen""";Workshop 3 Oplossingen;;Ja;Ja;Nee;;;;;;;;
11-09-18 17:11;bas4@outlook.com;bas korver82;82;Nee;Nee;;Alle dagen;Nee;"Lezing ""de nieuwste oplossingen om de Space Frontier te overwinnen""";Workshop 1 Oplossingen;;Ja;Ja;Nee;;;;;;;;
11-09-18 17:11;bas4@outlook.com;bas korver83;83;Nee;Nee;;Alle dagen;Nee;"Lezing ""de nieuwste oplossingen om de Space Frontier te overwinnen""";Workshop 2 Oplossingen;;Ja;Ja;Nee;;;;;;;;
11-09-18 17:11;bas4@outlook.com;bas korver84;84;Nee;Nee;;Alle dagen;Nee;"Lezing ""de nieuwste oplossingen om de Space Frontier te overwinnen""";Workshop 3 Oplossingen;;Ja;Ja;Nee;;;;;;;;
11-09-18 17:11;bas4@outlook.com;bas korver85;85;Nee;Nee;;Alle dagen;Nee;"Lezing ""de nieuwste oplossingen om de Space Frontier te overwinnen""";Workshop 1 Oplossingen;;Ja;Ja;Nee;;;;;;;;
11-09-18 17:11;bas4@outlook.com;bas korver86;86;Nee;Nee;;Alle dagen;Nee;"Lezing ""de nieuwste oplossingen om de Space Frontier te overwinnen""";Workshop 2 Oplossingen;;Ja;Ja;Nee;;;;;;;;
11-09-18 17:11;bas4@outlook.com;bas korver87;87;Nee;Nee;;Alle dagen;Nee;"Lezing ""de nieuwste oplossingen om de Space Frontier te overwinnen""";Workshop 3 Oplossingen;;Ja;Ja;Nee;;;;;;;;
11-09-18 17:11;bas4@outlook.com;bas korver88;88;Nee;Nee;;Alle dagen;Nee;"Lezing ""de nieuwste oplossingen om de Space Frontier te overwinnen""";Workshop 1 Oplossingen;;Ja;Ja;Nee;;;;;;;;
11-09-18 17:11;bas4@outlook.com;bas korver89;89;Nee;Nee;;Alle dagen;Nee;"Lezing ""de nieuwste oplossingen om de Space Frontier te overwinnen""";Workshop 2 Oplossingen;;Ja;Ja;Nee;;;;;;;;
11-09-18 17:11;bas4@outlook.com;bas korver90;90;Nee;Nee;;Alle dagen;Nee;"Lezing ""de nieuwste oplossingen om de Space Frontier te overwinnen""";Workshop 3 Oplossingen;;Ja;Ja;Nee;;;;;;;;
11-09-18 17:11;bas4@outlook.com;bas korver91;91;Nee;Nee;;Alle dagen;Nee;"Lezing ""de nieuwste oplossingen om de Space Frontier te overwinnen""";Workshop 1 Oplossingen;;Ja;Ja;Nee;;;;;;;;
11-09-18 17:11;bas4@outlook.com;bas korver92;92;Nee;Nee;;Alle dagen;Nee;"Lezing ""de nieuwste oplossingen om de Space Frontier te overwinnen""";Workshop 2 Oplossingen;;Ja;Ja;Nee;;;;;;;;
11-09-18 17:11;bas4@outlook.com;bas korver93;93;Nee;Nee;;Alle dagen;Nee;"Lezing ""de nieuwste oplossingen om de Space Frontier te overwinnen""";Workshop 3 Oplossingen;;Ja;Ja;Nee;;;;;;;;
11-09-18 17:11;bas4@outlook.com;bas korver94;94;Nee;Nee;;Alle dagen;Nee;"Lezing ""de nieuwste oplossingen om de Space Frontier te overwinnen""";Workshop 1 Oplossingen;;Ja;Ja;Nee;;;;;;;;
11-09-18 17:11;bas4@outlook.com;bas korver95;95;Nee;Nee;;Alle dagen;Nee;"Lezing ""de nieuwste oplossingen om de Space Frontier te overwinnen""";Workshop 2 Oplossingen;;Ja;Ja;Nee;;;;;;;;
11-09-18 17:11;bas4@outlook.com;bas korver96;96;Nee;Nee;;Alle dagen;Nee;"Lezing ""de nieuwste oplossingen om de Space Frontier te overwinnen""";Workshop 3 Oplossingen;;Ja;Ja;Nee;;;;;;;;
11-09-18 17:11;bas4@outlook.com;bas korver97;97;Nee;Nee;;Alle dagen;Nee;"Lezing ""de nieuwste oplossingen om de Space Frontier te overwinnen""";Workshop 1 Oplossingen;;Ja;Ja;Nee;;;;;;;;
11-09-18 17:11;bas4@outlook.com;bas korver98;98;Nee;Nee;;Alle dagen;Nee;"Lezing ""de nieuwste oplossingen om de Space Frontier te overwinnen""";Workshop 2 Oplossingen;;Ja;Ja;Nee;;;;;;;;
11-09-18 17:11;bas4@outlook.com;bas korver99;99;Nee;Nee;;Alle dagen;Nee;"Lezing ""de nieuwste oplossingen om de Space Frontier te overwinnen""";Workshop 3 Oplossingen;;Ja;Ja;Nee;;;;;;;;
11-09-18 17:11;bas4@outlook.com;bas korver100;100;Nee;Nee;;Alle dagen;Nee;"Lezing ""de nieuwste oplossingen om de Space Frontier te overwinnen""";Workshop 1 Oplossingen;;Ja;Ja;Nee;;;;;;;;
11-09-18 17:11;bas4@outlook.com;bas korver101;101;Nee;Nee;;Alle dagen;Nee;"Lezing ""de nieuwste oplossingen om de Space Frontier te overwinnen""";Workshop 2 Oplossingen;;Ja;Ja;Nee;;;;;;;;
11-09-18 17:11;bas4@outlook.com;bas korver102;102;Nee;Nee;;Alle dagen;Nee;"Lezing ""de nieuwste oplossingen om de Space Frontier te overwinnen""";Workshop 3 Oplossingen;;Ja;Ja;Nee;;;;;;;;
11-09-18 17:11;bas4@outlook.com;bas korver103;103;Nee;Nee;;Alle dagen;Nee;"Lezing ""de nieuwste oplossingen om de Space Frontier te overwinnen""";Workshop 1 Oplossingen;;Ja;Ja;Nee;;;;;;;;
11-09-18 17:11;bas4@outlook.com;bas korver104;104;Nee;Nee;;Alle dagen;Nee;"Lezing ""de nieuwste oplossingen om de Space Frontier te overwinnen""";Workshop 2 Oplossingen;;Ja;Ja;Nee;;;;;;;;
11-09-18 17:11;bas4@outlook.com;bas korver105;105;Nee;Nee;;Alle dagen;Nee;"Lezing ""de nieuwste oplossingen om de Space Frontier te overwinnen""";Workshop 3 Oplossingen;;Ja;Ja;Nee;;;;;;;;
11-09-18 17:11;bas4@outlook.com;bas korver106;106;Nee;Nee;;Alle dagen;Nee;"Lezing ""de nieuwste oplossingen om de Space Frontier te overwinnen""";Workshop 1 Oplossingen;;Ja;Ja;Nee;;;;;;;;
11-09-18 17:11;bas4@outlook.com;bas korver107;107;Nee;Nee;;Alle dagen;Nee;"Lezing ""de nieuwste oplossingen om de Space Frontier te overwinnen""";Workshop 2 Oplossingen;;Ja;Ja;Nee;;;;;;;;
11-09-18 17:11;bas4@outlook.com;bas korver108;108;Nee;Nee;;Alle dagen;Nee;"Lezing ""de nieuwste oplossingen om de Space Frontier te overwinnen""";Workshop 3 Oplossingen;;Ja;Ja;Nee;;;;;;;;
11-09-18 17:11;bas4@outlook.com;bas korver109;109;Nee;Nee;;Alle dagen;Nee;"Lezing ""de nieuwste oplossingen om de Space Frontier te overwinnen""";Workshop 1 Oplossingen;;Ja;Ja;Nee;;;;;;;;
11-09-18 17:11;bas4@outlook.com;bas korver110;110;Nee;Nee;;Alle dagen;Nee;"Lezing ""de nieuwste oplossingen om de Space Frontier te overwinnen""";Workshop 2 Oplossingen;;Ja;Ja;Nee;;;;;;;;
11-09-18 17:11;bas4@outlook.com;bas korver111;111;Nee;Nee;;Alle dagen;Nee;"Lezing ""de nieuwste oplossingen om de Space Frontier te overwinnen""";Workshop 3 Oplossingen;;Ja;Ja;Nee;;;;;;;;
11-09-18 17:11;bas4@outlook.com;bas korver112;112;Nee;Nee;;Alle dagen;Nee;"Lezing ""de nieuwste oplossingen om de Space Frontier te overwinnen""";Workshop 1 Oplossingen;;Ja;Ja;Nee;;;;;;;;
11-09-18 17:11;bas4@outlook.com;bas korver113;113;Nee;Nee;;Alle dagen;Nee;"Lezing ""de nieuwste oplossingen om de Space Frontier te overwinnen""";Workshop 2 Oplossingen;;Ja;Ja;Nee;;;;;;;;
11-09-18 17:11;bas4@outlook.com;bas korver114;114;Nee;Nee;;Alle dagen;Nee;"Lezing ""de nieuwste oplossingen om de Space Frontier te overwinnen""";Workshop 3 Oplossingen;;Ja;Ja;Nee;;;;;;;;
11-09-18 17:11;bas4@outlook.com;bas korver115;115;Nee;Nee;;Alle dagen;Nee;"Lezing ""de nieuwste oplossingen om de Space Frontier te overwinnen""";Workshop 1 Oplossingen;;Ja;Ja;Nee;;;;;;;;
11-09-18 17:11;bas4@outlook.com;bas korver116;116;Nee;Nee;;Alle dagen;Nee;"Lezing ""de nieuwste oplossingen om de Space Frontier te overwinnen""";Workshop 2 Oplossingen;;Ja;Ja;Nee;;;;;;;;
11-09-18 17:11;bas4@outlook.com;bas korver117;117;Nee;Nee;;Alle dagen;Nee;"Lezing ""de nieuwste oplossingen om de Space Frontier te overwinnen""";Workshop 3 Oplossingen;;Ja;Ja;Nee;;;;;;;;
11-09-18 17:11;bas4@outlook.com;bas korver118;118;Nee;Nee;;Alle dagen;Nee;"Lezing ""de nieuwste oplossingen om de Space Frontier te overwinnen""";Workshop 1 Oplossingen;;Ja;Ja;Nee;;;;;;;;
11-09-18 17:11;bas4@outlook.com;bas korver119;119;Nee;Nee;;Alle dagen;Nee;"Lezing ""de nieuwste oplossingen om de Space Frontier te overwinnen""";Workshop 2 Oplossingen;;Ja;Ja;Nee;;;;;;;;
11-09-18 17:11;bas4@outlook.com;bas korver120;120;Nee;Nee;;Alle dagen;Nee;"Lezing ""de nieuwste oplossingen om de Space Frontier te overwinnen""";Workshop 3 Oplossingen;;Ja;Ja;Nee;;;;;;;;
11-09-18 17:11;bas4@outlook.com;bas korver121;121;Nee;Nee;;Alle dagen;Nee;"Lezing ""de nieuwste oplossingen om de Space Frontier te overwinnen""";Workshop 1 Oplossingen;;Ja;Ja;Nee;;;;;;;;
11-09-18 17:11;bas4@outlook.com;bas korver122;122;Nee;Nee;;Alle dagen;Nee;"Lezing ""de nieuwste oplossingen om de Space Frontier te overwinnen""";Workshop 2 Oplossingen;;Ja;Ja;Nee;;;;;;;;
11-09-18 17:11;bas4@outlook.com;bas korver123;123;Nee;Nee;;Alle dagen;Nee;"Lezing ""de nieuwste oplossingen om de Space Frontier te overwinnen""";Workshop 3 Oplossingen;;Ja;Ja;Nee;;;;;;;;
11-09-18 17:11;bas4@outlook.com;bas korver124;124;Nee;Nee;;Alle dagen;Nee;"Lezing ""de nieuwste oplossingen om de Space Frontier te overwinnen""";Workshop 1 Oplossingen;;Ja;Ja;Nee;;;;;;;;
11-09-18 17:11;bas4@outlook.com;bas korver125;125;Nee;Nee;;Alle dagen;Nee;"Lezing ""de nieuwste oplossingen om de Space Frontier te overwinnen""";Workshop 2 Oplossingen;;Ja;Ja;Nee;;;;;;;;
11-09-18 17:11;bas4@outlook.com;bas korver126;126;Nee;Nee;;Alle dagen;Nee;"Lezing ""de nieuwste oplossingen om de Space Frontier te overwinnen""";Workshop 3 Oplossingen;;Ja;Ja;Nee;;;;;;;;
11-09-18 17:11;bas4@outlook.com;bas korver127;127;Nee;Nee;;Alle dagen;Nee;"Lezing ""de nieuwste oplossingen om de Space Frontier te overwinnen""";Workshop 1 Oplossingen;;Ja;Ja;Nee;;;;;;;;
11-09-18 17:11;bas4@outlook.com;bas korver128;128;Nee;Nee;;Alle dagen;Nee;"Lezing ""de nieuwste oplossingen om de Space Frontier te overwinnen""";Workshop 2 Oplossingen;;Ja;Ja;Nee;;;;;;;;
11-09-18 17:11;bas4@outlook.com;bas korver129;129;Nee;Nee;;Alle dagen;Nee;"Lezing ""de nieuwste oplossingen om de Space Frontier te overwinnen""";Workshop 3 Oplossingen;;Ja;Ja;Nee;;;;;;;;
11-09-18 17:11;bas4@outlook.com;bas korver130;130;Nee;Nee;;Alle dagen;Nee;"Lezing ""de nieuwste oplossingen om de Space Frontier te overwinnen""";Workshop 1 Oplossingen;;Ja;Ja;Nee;;;;;;;;
11-09-18 17:11;bas4@outlook.com;bas korver131;131;Nee;Nee;;Alle dagen;Nee;"Lezing ""de nieuwste oplossingen om de Space Frontier te overwinnen""";Workshop 2 Oplossingen;;Ja;Ja;Nee;;;;;;;;
11-09-18 17:11;bas4@outlook.com;bas korver132;132;Nee;Nee;;Alle dagen;Nee;"Lezing ""de nieuwste oplossingen om de Space Frontier te overwinnen""";Workshop 3 Oplossingen;;Ja;Ja;Nee;;;;;;;;
11-09-18 17:11;bas4@outlook.com;bas korver133;133;Nee;Nee;;Alle dagen;Nee;"Lezing ""de nieuwste oplossingen om de Space Frontier te overwinnen""";Workshop 1 Oplossingen;;Ja;Ja;Nee;;;;;;;;
11-09-18 17:11;bas4@outlook.com;bas korver134;134;Nee;Nee;;Alle dagen;Nee;"Lezing ""de nieuwste oplossingen om de Space Frontier te overwinnen""";Workshop 2 Oplossingen;;Ja;Ja;Nee;;;;;;;;
11-09-18 17:11;bas4@outlook.com;bas korver135;135;Nee;Nee;;Alle dagen;Nee;"Lezing ""de nieuwste oplossingen om de Space Frontier te overwinnen""";Workshop 3 Oplossingen;;Ja;Ja;Nee;;;;;;;;
11-09-18 17:11;bas4@outlook.com;bas korver136;136;Nee;Nee;;Alle dagen;Nee;"Lezing ""de nieuwste oplossingen om de Space Frontier te overwinnen""";Workshop 1 Oplossingen;;Ja;Ja;Nee;;;;;;;;
11-09-18 17:11;bas4@outlook.com;bas korver137;137;Nee;Nee;;Alle dagen;Nee;"Lezing ""de nieuwste oplossingen om de Space Frontier te overwinnen""";Workshop 2 Oplossingen;;Ja;Ja;Nee;;;;;;;;
11-09-18 17:11;bas4@outlook.com;bas korver138;138;Nee;Nee;;Alle dagen;Nee;"Lezing ""de nieuwste oplossingen om de Space Frontier te overwinnen""";Workshop 3 Oplossingen;;Ja;Ja;Nee;;;;;;;;
11-09-18 17:11;bas4@outlook.com;bas korver139;139;Nee;Nee;;Alle dagen;Nee;"Lezing ""de nieuwste oplossingen om de Space Frontier te overwinnen""";Workshop 1 Oplossingen;;Ja;Ja;Nee;;;;;;;;
11-09-18 17:11;bas4@outlook.com;bas korver140;140;Nee;Nee;;Alle dagen;Nee;"Lezing ""de nieuwste oplossingen om de Space Frontier te overwinnen""";Workshop 2 Oplossingen;;Ja;Ja;Nee;;;;;;;;
11-09-18 17:11;bas4@outlook.com;bas korver141;141;Nee;Nee;;Alle dagen;Nee;"Lezing ""de nieuwste oplossingen om de Space Frontier te overwinnen""";Workshop 3 Oplossingen;;Ja;Ja;Nee;;;;;;;;
11-09-18 17:11;bas4@outlook.com;bas korver142;142;Nee;Nee;;Alle dagen;Nee;"Lezing ""de nieuwste oplossingen om de Space Frontier te overwinnen""";Workshop 1 Oplossingen;;Ja;Ja;Nee;;;;;;;;
11-09-18 17:11;bas4@outlook.com;bas korver143;143;Nee;Nee;;Alle dagen;Nee;"Lezing ""de nieuwste oplossingen om de Space Frontier te overwinnen""";Workshop 2 Oplossingen;;Ja;Ja;Nee;;;;;;;;
11-09-18 17:11;bas4@outlook.com;bas korver144;144;Nee;Nee;;Alle dagen;Nee;"Lezing ""de nieuwste oplossingen om de Space Frontier te overwinnen""";Workshop 3 Oplossingen;;Ja;Ja;Nee;;;;;;;;
11-09-18 17:11;bas4@outlook.com;bas korver145;145;Nee;Nee;;Alle dagen;Nee;"Lezing ""de nieuwste oplossingen om de Space Frontier te overwinnen""";Workshop 1 Oplossingen;;Ja;Ja;Nee;;;;;;;;
11-09-18 17:11;bas4@outlook.com;bas korver146;146;Nee;Nee;;Alle dagen;Nee;"Lezing ""de nieuwste oplossingen om de Space Frontier te overwinnen""";Workshop 2 Oplossingen;;Ja;Ja;Nee;;;;;;;;
11-09-18 17:11;bas4@outlook.com;bas korver147;147;Nee;Nee;;Alle dagen;Nee;"Lezing ""de nieuwste oplossingen om de Space Frontier te overwinnen""";Workshop 3 Oplossingen;;Ja;Ja;Nee;;;;;;;;
11-09-18 17:11;bas4@outlook.com;bas korver148;148;Nee;Nee;;Alle dagen;Nee;"Lezing ""de nieuwste oplossingen om de Space Frontier te overwinnen""";Workshop 1 Oplossingen;;Ja;Ja;Nee;;;;;;;;
11-09-18 17:11;bas4@outlook.com;bas korver149;149;Nee;Nee;;Alle dagen;Nee;"Lezing ""de nieuwste oplossingen om de Space Frontier te overwinnen""";Workshop 2 Oplossingen;;Ja;Ja;Nee;;;;;;;;
11-09-18 17:11;bas4@outlook.com;bas korver150;150;Nee;Nee;;Alle dagen;Nee;"Lezing ""de nieuwste oplossingen om de Space Frontier te overwinnen""";Workshop 3 Oplossingen;;Ja;Ja;Nee;;;;;;;;
11-09-18 17:11;bas4@outlook.com;bas korver151;151;Nee;Nee;;Alle dagen;Nee;"Lezing ""de nieuwste oplossingen om de Space Frontier te overwinnen""";Workshop 1 Oplossingen;;Ja;Ja;Nee;;;;;;;;
11-09-18 17:11;bas4@outlook.com;bas korver152;152;Nee;Nee;;Alle dagen;Nee;"Lezing ""de nieuwste oplossingen om de Space Frontier te overwinnen""";Workshop 2 Oplossingen;;Ja;Ja;Nee;;;;;;;;
11-09-18 17:11;bas4@outlook.com;bas korver153;153;Nee;Nee;;Alle dagen;Nee;"Lezing ""de nieuwste oplossingen om de Space Frontier te overwinnen""";Workshop 3 Oplossingen;;Ja;Ja;Nee;;;;;;;;
11-09-18 17:11;bas4@outlook.com;bas korver154;154;Nee;Nee;;Alle dagen;Nee;"Lezing ""de nieuwste oplossingen om de Space Frontier te overwinnen""";Workshop 1 Oplossingen;;Ja;Ja;Nee;;;;;;;;
11-09-18 17:11;bas4@outlook.com;bas korver155;155;Nee;Nee;;Alle dagen;Nee;"Lezing ""de nieuwste oplossingen om de Space Frontier te overwinnen""";Workshop 2 Oplossingen;;Ja;Ja;Nee;;;;;;;;
11-09-18 17:11;bas4@outlook.com;bas korver156;156;Nee;Nee;;Alle dagen;Nee;"Lezing ""de nieuwste oplossingen om de Space Frontier te overwinnen""";Workshop 3 Oplossingen;;Ja;Ja;Nee;;;;;;;;
11-09-18 17:11;bas4@outlook.com;bas korver157;157;Nee;Nee;;Alle dagen;Nee;"Lezing ""de nieuwste oplossingen om de Space Frontier te overwinnen""";Workshop 1 Oplossingen;;Ja;Ja;Nee;;;;;;;;
11-09-18 17:11;bas4@outlook.com;bas korver158;158;Nee;Nee;;Alle dagen;Nee;"Lezing ""de nieuwste oplossingen om de Space Frontier te overwinnen""";Workshop 2 Oplossingen;;Ja;Ja;Nee;;;;;;;;
11-09-18 17:11;bas4@outlook.com;bas korver159;159;Nee;Nee;;Alle dagen;Nee;"Lezing ""de nieuwste oplossingen om de Space Frontier te overwinnen""";Workshop 3 Oplossingen;;Ja;Ja;Nee;;;;;;;;
11-09-18 17:11;bas4@outlook.com;bas korver160;160;Nee;Nee;;Alle dagen;Nee;"Lezing ""de nieuwste oplossingen om de Space Frontier te overwinnen""";Workshop 1 Oplossingen;;Ja;Ja;Nee;;;;;;;;
11-09-18 17:11;bas4@outlook.com;bas korver161;161;Nee;Nee;;Alle dagen;Nee;"Lezing ""de nieuwste oplossingen om de Space Frontier te overwinnen""";Workshop 2 Oplossingen;;Ja;Ja;Nee;;;;;;;;
11-09-18 17:11;bas4@outlook.com;bas korver162;162;Nee;Nee;;Alle dagen;Nee;"Lezing ""de nieuwste oplossingen om de Space Frontier te overwinnen""";Workshop 3 Oplossingen;;Ja;Ja;Nee;;;;;;;;
11-09-18 17:11;bas4@outlook.com;bas korver163;163;Nee;Nee;;Alle dagen;Nee;"Lezing ""de nieuwste oplossingen om de Space Frontier te overwinnen""";Workshop 1 Oplossingen;;Ja;Ja;Nee;;;;;;;;
11-09-18 17:11;bas4@outlook.com;bas korver164;164;Nee;Nee;;Alle dagen;Nee;"Lezing ""de nieuwste oplossingen om de Space Frontier te overwinnen""";Workshop 2 Oplossingen;;Ja;Ja;Nee;;;;;;;;
11-09-18 17:11;bas4@outlook.com;bas korver165;165;Nee;Nee;;Alle dagen;Nee;"Lezing ""de nieuwste oplossingen om de Space Frontier te overwinnen""";Workshop 3 Oplossingen;;Ja;Ja;Nee;;;;;;;;
11-09-18 17:11;bas4@outlook.com;bas korver166;166;Nee;Nee;;Alle dagen;Nee;"Lezing ""de nieuwste oplossingen om de Space Frontier te overwinnen""";Workshop 1 Oplossingen;;Ja;Ja;Nee;;;;;;;;
11-09-18 17:11;bas4@outlook.com;bas korver167;167;Nee;Nee;;Alle dagen;Nee;"Lezing ""de nieuwste oplossingen om de Space Frontier te overwinnen""";Workshop 2 Oplossingen;;Ja;Ja;Nee;;;;;;;;
11-09-18 17:11;bas4@outlook.com;bas korver168;168;Nee;Nee;;Alle dagen;Nee;"Lezing ""de nieuwste oplossingen om de Space Frontier te overwinnen""";Workshop 3 Oplossingen;;Ja;Ja;Nee;;;;;;;;
11-09-18 17:11;bas4@outlook.com;bas korver169;169;Nee;Nee;;Alle dagen;Nee;"Lezing ""de nieuwste oplossingen om de Space Frontier te overwinnen""";Workshop 1 Oplossingen;;Ja;Ja;Nee;;;;;;;;
11-09-18 17:11;bas4@outlook.com;bas korver170;170;Nee;Nee;;Alle dagen;Nee;"Lezing ""de nieuwste oplossingen om de Space Frontier te overwinnen""";Workshop 2 Oplossingen;;Ja;Ja;Nee;;;;;;;;
11-09-18 17:11;bas4@outlook.com;bas korver171;171;Nee;Nee;;Alle dagen;Nee;"Lezing ""de nieuwste oplossingen om de Space Frontier te overwinnen""";Workshop 3 Oplossingen;;Ja;Ja;Nee;;;;;;;;
11-09-18 17:11;bas4@outlook.com;bas korver172;172;Nee;Nee;;Alle dagen;Nee;"Lezing ""de nieuwste oplossingen om de Space Frontier te overwinnen""";Workshop 1 Oplossingen;;Ja;Ja;Nee;;;;;;;;
11-09-18 17:11;bas4@outlook.com;bas korver173;173;Nee;Nee;;Alle dagen;Nee;"Lezing ""de nieuwste oplossingen om de Space Frontier te overwinnen""";Workshop 2 Oplossingen;;Ja;Ja;Nee;;;;;;;;
11-09-18 17:11;bas4@outlook.com;bas korver174;174;Nee;Nee;;Alle dagen;Nee;"Lezing ""de nieuwste oplossingen om de Space Frontier te overwinnen""";Workshop 3 Oplossingen;;Ja;Ja;Nee;;;;;;;;
11-09-18 17:11;bas4@outlook.com;bas korver175;175;Nee;Nee;;Alle dagen;Nee;"Lezing ""de nieuwste oplossingen om de Space Frontier te overwinnen""";Workshop 1 Oplossingen;;Ja;Ja;Nee;;;;;;;;
11-09-18 17:11;bas4@outlook.com;bas korver176;176;Nee;Nee;;Alle dagen;Nee;"Lezing ""de nieuwste oplossingen om de Space Frontier te overwinnen""";Workshop 2 Oplossingen;;Ja;Ja;Nee;;;;;;;;
11-09-18 17:11;bas4@outlook.com;bas korver177;177;Nee;Nee;;Alle dagen;Nee;"Lezing ""de nieuwste oplossingen om de Space Frontier te overwinnen""";Workshop 3 Oplossingen;;Ja;Ja;Nee;;;;;;;;
11-09-18 17:11;bas4@outlook.com;bas korver178;178;Nee;Nee;;Alle dagen;Nee;"Lezing ""de nieuwste oplossingen om de Space Frontier te overwinnen""";Workshop 1 Oplossingen;;Ja;Ja;Nee;;;;;;;;
11-09-18 17:11;bas4@outlook.com;bas korver179;179;Nee;Nee;;Alle dagen;Nee;"Lezing ""de nieuwste oplossingen om de Space Frontier te overwinnen""";Workshop 2 Oplossingen;;Ja;Ja;Nee;;;;;;;;
11-09-18 17:11;bas4@outlook.com;bas korver180;180;Nee;Nee;;Alle dagen;Nee;"Lezing ""de charme van Space Exploration""";;Workshop 1 Charme;Ja;Ja;Nee;;;;;;;;
11-09-18 17:11;bas4@outlook.com;bas korver181;181;Nee;Nee;;Alle dagen;Nee;"Lezing ""de charme van Space Exploration""";;Workshop 2 Charme;Ja;Ja;Nee;;;;;;;;
11-09-18 17:11;bas4@outlook.com;bas korver182;182;Nee;Nee;;Alle dagen;Nee;"Lezing ""de charme van Space Exploration""";;Workshop 3 Charme;Ja;Ja;Nee;;;;;;;;
11-09-18 17:11;bas4@outlook.com;bas korver183;183;Nee;Nee;;Alle dagen;Nee;"Lezing ""de charme van Space Exploration""";;Workshop 1 Charme;Ja;Ja;Nee;;;;;;;;
11-09-18 17:11;bas4@outlook.com;bas korver184;184;Nee;Nee;;Alle dagen;Nee;"Lezing ""de charme van Space Exploration""";;Workshop 2 Charme;Ja;Ja;Nee;;;;;;;;
11-09-18 17:11;bas4@outlook.com;bas korver185;185;Nee;Nee;;Alle dagen;Nee;"Lezing ""de charme van Space Exploration""";;Workshop 3 Charme;Ja;Ja;Nee;;;;;;;;
11-09-18 17:11;bas4@outlook.com;bas korver186;186;Nee;Nee;;Alle dagen;Nee;"Lezing ""de charme van Space Exploration""";;Workshop 1 Charme;Ja;Ja;Nee;;;;;;;;
11-09-18 17:11;bas4@outlook.com;bas korver187;187;Nee;Nee;;Alle dagen;Nee;"Lezing ""de charme van Space Exploration""";;Workshop 2 Charme;Ja;Ja;Nee;;;;;;;;
11-09-18 17:11;bas4@outlook.com;bas korver188;188;Nee;Nee;;Alle dagen;Nee;"Lezing ""de charme van Space Exploration""";;Workshop 3 Charme;Ja;Ja;Nee;;;;;;;;
11-09-18 17:11;bas4@outlook.com;bas korver189;189;Nee;Nee;;Alle dagen;Nee;"Lezing ""de charme van Space Exploration""";;Workshop 1 Charme;Ja;Ja;Nee;;;;;;;;
11-09-18 17:11;bas4@outlook.com;bas korver190;190;Nee;Nee;;Alle dagen;Nee;"Lezing ""de charme van Space Exploration""";;Workshop 2 Charme;Ja;Ja;Nee;;;;;;;;
11-09-18 17:11;bas4@outlook.com;bas korver191;191;Nee;Nee;;Alle dagen;Nee;"Lezing ""de charme van Space Exploration""";;Workshop 3 Charme;Ja;Ja;Nee;;;;;;;;
11-09-18 17:11;bas4@outlook.com;bas korver192;192;Nee;Nee;;Alle dagen;Nee;"Lezing ""de charme van Space Exploration""";;Workshop 1 Charme;Ja;Ja;Nee;;;;;;;;
11-09-18 17:11;bas4@outlook.com;bas korver193;193;Nee;Nee;;Alle dagen;Nee;"Lezing ""de charme van Space Exploration""";;Workshop 2 Charme;Ja;Ja;Nee;;;;;;;;
11-09-18 17:11;bas4@outlook.com;bas korver194;194;Nee;Nee;;Alle dagen;Nee;"Lezing ""de charme van Space Exploration""";;Workshop 3 Charme;Ja;Ja;Nee;;;;;;;;
11-09-18 17:11;bas4@outlook.com;bas korver195;195;Nee;Nee;;Alle dagen;Nee;"Lezing ""de charme van Space Exploration""";;Workshop 1 Charme;Ja;Ja;Nee;;;;;;;;
11-09-18 17:11;bas4@outlook.com;bas korver196;196;Nee;Nee;;Alle dagen;Nee;"Lezing ""de charme van Space Exploration""";;Workshop 2 Charme;Ja;Ja;Nee;;;;;;;;
11-09-18 17:11;bas4@outlook.com;bas korver197;197;Nee;Nee;;Alle dagen;Nee;"Lezing ""de charme van Space Exploration""";;Workshop 3 Charme;Ja;Ja;Nee;;;;;;;;
11-09-18 17:11;bas4@outlook.com;bas korver198;198;Nee;Nee;;Alle dagen;Nee;"Lezing ""de charme van Space Exploration""";;Workshop 1 Charme;Ja;Ja;Nee;;;;;;;;
11-09-18 17:11;bas4@outlook.com;bas korver199;199;Nee;Nee;;Alle dagen;Nee;"Lezing ""de charme van Space Exploration""";;Workshop 2 Charme;Ja;Ja;Nee;;;;;;;;
11-09-18 17:11;bas4@outlook.com;bas korver200;200;Nee;Nee;;Alle dagen;Nee;"Lezing ""de charme van Space Exploration""";;Workshop 3 Charme;Ja;Ja;Nee;;;;;;;;
11-09-18 17:11;bas4@outlook.com;bas korver201;201;Nee;Nee;;Alle dagen;Nee;"Lezing ""de charme van Space Exploration""";;Workshop 1 Charme;Ja;Ja;Nee;;;;;;;;
11-09-18 17:11;bas4@outlook.com;bas korver202;202;Nee;Nee;;Alle dagen;Nee;"Lezing ""de charme van Space Exploration""";;Workshop 2 Charme;Ja;Ja;Nee;;;;;;;;
11-09-18 17:11;bas4@outlook.com;bas korver203;203;Nee;Nee;;Alle dagen;Nee;"Lezing ""de charme van Space Exploration""";;Workshop 3 Charme;Ja;Ja;Nee;;;;;;;;
11-09-18 17:11;bas4@outlook.com;bas korver204;204;Nee;Nee;;Alle dagen;Nee;"Lezing ""de charme van Space Exploration""";;Workshop 1 Charme;Ja;Ja;Nee;;;;;;;;
11-09-18 17:11;bas4@outlook.com;bas korver205;205;Nee;Nee;;Alle dagen;Nee;"Lezing ""de charme van Space Exploration""";;Workshop 2 Charme;Ja;Ja;Nee;;;;;;;;
11-09-18 17:11;bas4@outlook.com;bas korver206;206;Nee;Nee;;Alle dagen;Nee;"Lezing ""de charme van Space Exploration""";;Workshop 3 Charme;Ja;Ja;Nee;;;;;;;;
11-09-18 17:11;bas4@outlook.com;bas korver207;207;Nee;Nee;;Alle dagen;Nee;"Lezing ""de charme van Space Exploration""";;Workshop 1 Charme;Ja;Ja;Nee;;;;;;;;
11-09-18 17:11;bas4@outlook.com;bas korver208;208;Nee;Nee;;Alle dagen;Nee;"Lezing ""de charme van Space Exploration""";;Workshop 2 Charme;Ja;Ja;Nee;;;;;;;;
11-09-18 17:11;bas4@outlook.com;bas korver209;209;Nee;Nee;;Alle dagen;Nee;"Lezing ""de charme van Space Exploration""";;Workshop 3 Charme;Ja;Ja;Nee;;;;;;;;
11-09-18 17:11;bas4@outlook.com;bas korver210;210;Nee;Nee;;Alle dagen;Nee;"Lezing ""de charme van Space Exploration""";;Workshop 1 Charme;Ja;Ja;Nee;;;;;;;;
11-09-18 17:11;bas4@outlook.com;bas korver211;211;Nee;Nee;;Alle dagen;Nee;"Lezing ""de charme van Space Exploration""";;Workshop 2 Charme;Ja;Ja;Nee;;;;;;;;
11-09-18 17:11;bas4@outlook.com;bas korver212;212;Nee;Nee;;Alle dagen;Nee;"Lezing ""de charme van Space Exploration""";;Workshop 3 Charme;Ja;Ja;Nee;;;;;;;;
11-09-18 17:11;bas4@outlook.com;bas korver213;213;Nee;Nee;;Alle dagen;Nee;"Lezing ""de charme van Space Exploration""";;Workshop 1 Charme;Ja;Ja;Nee;;;;;;;;
11-09-18 17:11;bas4@outlook.com;bas korver214;214;Nee;Nee;;Alle dagen;Nee;"Lezing ""de charme van Space Exploration""";;Workshop 2 Charme;Ja;Ja;Nee;;;;;;;;
11-09-18 17:11;bas4@outlook.com;bas korver215;215;Nee;Nee;;Alle dagen;Nee;"Lezing ""de charme van Space Exploration""";;Workshop 3 Charme;Ja;Ja;Nee;;;;;;;;
11-09-18 17:11;bas4@outlook.com;bas korver216;216;Nee;Nee;;Alle dagen;Nee;"Lezing ""de charme van Space Exploration""";;Workshop 1 Charme;Ja;Ja;Nee;;;;;;;;
11-09-18 17:11;bas4@outlook.com;bas korver217;217;Nee;Nee;;Alle dagen;Nee;"Lezing ""de charme van Space Exploration""";;Workshop 2 Charme;Ja;Ja;Nee;;;;;;;;
11-09-18 17:11;bas4@outlook.com;bas korver218;218;Nee;Nee;;Alle dagen;Nee;"Lezing ""de charme van Space Exploration""";;Workshop 3 Charme;Ja;Ja;Nee;;;;;;;;
11-09-18 17:11;bas4@outlook.com;bas korver219;219;Nee;Nee;;Alle dagen;Nee;"Lezing ""de charme van Space Exploration""";;Workshop 1 Charme;Ja;Ja;Nee;;;;;;;;
11-09-18 17:11;bas4@outlook.com;bas korver220;220;Nee;Nee;;Alle dagen;Nee;"Lezing ""de charme van Space Exploration""";;Workshop 2 Charme;Ja;Ja;Nee;;;;;;;;
11-09-18 17:11;bas4@outlook.com;bas korver221;221;Nee;Nee;;Alle dagen;Nee;"Lezing ""de charme van Space Exploration""";;Workshop 3 Charme;Ja;Ja;Nee;;;;;;;;
11-09-18 17:11;bas4@outlook.com;bas korver222;222;Nee;Nee;;Alle dagen;Nee;"Lezing ""de charme van Space Exploration""";;Workshop 1 Charme;Ja;Ja;Nee;;;;;;;;
11-09-18 17:11;bas4@outlook.com;bas korver223;223;Nee;Nee;;Alle dagen;Nee;"Lezing ""de nieuwste oplossingen om de Space Frontier te overwinnen""";Workshop 1 Oplossingen;;Ja;Ja;Nee;;;;;;;;
11-09-18 17:11;bas4@outlook.com;bas korver224;224;Nee;Nee;;Alle dagen;Nee;"Lezing ""de nieuwste oplossingen om de Space Frontier te overwinnen""";Workshop 2 Oplossingen;;Ja;Ja;Nee;;;;;;;;
11-09-18 17:11;bas4@outlook.com;bas korver225;225;Nee;Nee;;Alle dagen;Nee;"Lezing ""de nieuwste oplossingen om de Space Frontier te overwinnen""";Workshop 3 Oplossingen;;Ja;Ja;Nee;;;;;;;;
11-09-18 17:11;bas4@outlook.com;bas korver226;226;Nee;Nee;;Alle dagen;Nee;"Lezing ""de nieuwste oplossingen om de Space Frontier te overwinnen""";Workshop 1 Oplossingen;;Ja;Ja;Nee;;;;;;;;
11-09-18 17:11;bas4@outlook.com;bas korver227;227;Nee;Nee;;Alle dagen;Nee;"Lezing ""de nieuwste oplossingen om de Space Frontier te overwinnen""";Workshop 2 Oplossingen;;Ja;Ja;Nee;;;;;;;;
11-09-18 17:11;bas4@outlook.com;bas korver228;228;Nee;Nee;;Alle dagen;Nee;"Lezing ""de nieuwste oplossingen om de Space Frontier te overwinnen""";Workshop 3 Oplossingen;;Ja;Ja;Nee;;;;;;;;
11-09-18 17:11;bas4@outlook.com;bas korver229;229;Nee;Nee;;Alle dagen;Nee;"Lezing ""de nieuwste oplossingen om de Space Frontier te overwinnen""";Workshop 1 Oplossingen;;Ja;Ja;Nee;;;;;;;;
11-09-18 17:11;bas4@outlook.com;bas korver230;230;Nee;Nee;;Alle dagen;Nee;"Lezing ""de nieuwste oplossingen om de Space Frontier te overwinnen""";Workshop 2 Oplossingen;;Ja;Ja;Nee;;;;;;;;
11-09-18 17:11;bas4@outlook.com;bas korver231;231;Nee;Nee;;Alle dagen;Nee;"Lezing ""de nieuwste oplossingen om de Space Frontier te overwinnen""";Workshop 3 Oplossingen;;Ja;Ja;Nee;;;;;;;;
11-09-18 17:11;bas4@outlook.com;bas korver232;232;Nee;Nee;;Alle dagen;Nee;"Lezing ""de nieuwste oplossingen om de Space Frontier te overwinnen""";Workshop 1 Oplossingen;;Ja;Ja;Nee;;;;;;;;
11-09-18 17:11;bas4@outlook.com;bas korver233;233;Nee;Nee;;Alle dagen;Nee;"Lezing ""de nieuwste oplossingen om de Space Frontier te overwinnen""";Workshop 2 Oplossingen;;Ja;Ja;Nee;;;;;;;;
11-09-18 17:11;bas4@outlook.com;bas korver234;234;Nee;Nee;;Alle dagen;Nee;"Lezing ""de nieuwste oplossingen om de Space Frontier te overwinnen""";Workshop 3 Oplossingen;;Ja;Ja;Nee;;;;;;;;
11-09-18 17:11;bas4@outlook.com;bas korver235;235;Nee;Nee;;Alle dagen;Nee;"Lezing ""de nieuwste oplossingen om de Space Frontier te overwinnen""";Workshop 1 Oplossingen;;Ja;Ja;Nee;;;;;;;;
11-09-18 17:11;bas4@outlook.com;bas korver236;236;Nee;Nee;;Alle dagen;Nee;"Lezing ""de nieuwste oplossingen om de Space Frontier te overwinnen""";Workshop 2 Oplossingen;;Ja;Ja;Nee;;;;;;;;
11-09-18 17:11;bas4@outlook.com;bas korver237;237;Nee;Nee;;Alle dagen;Nee;"Lezing ""de nieuwste oplossingen om de Space Frontier te overwinnen""";Workshop 3 Oplossingen;;Ja;Ja;Nee;;;;;;;;
11-09-18 17:11;bas4@outlook.com;bas korver238;238;Nee;Nee;;Alle dagen;Nee;"Lezing ""de nieuwste oplossingen om de Space Frontier te overwinnen""";Workshop 1 Oplossingen;;Ja;Ja;Nee;;;;;;;;
11-09-18 17:11;bas4@outlook.com;bas korver239;239;Nee;Nee;;Alle dagen;Nee;"Lezing ""de nieuwste oplossingen om de Space Frontier te overwinnen""";Workshop 2 Oplossingen;;Ja;Ja;Nee;;;;;;;;
11-09-18 17:11;bas4@outlook.com;bas korver240;240;Nee;Nee;;Alle dagen;Nee;"Lezing ""de nieuwste oplossingen om de Space Frontier te overwinnen""";Workshop 3 Oplossingen;;Ja;Ja;Nee;;;;;;;;
11-09-18 17:11;bas4@outlook.com;bas korver241;241;Nee;Nee;;Alle dagen;Nee;"Lezing ""de nieuwste oplossingen om de Space Frontier te overwinnen""";Workshop 1 Oplossingen;;Ja;Ja;Nee;;;;;;;;
11-09-18 17:11;bas4@outlook.com;bas korver242;242;Nee;Nee;;Alle dagen;Nee;"Lezing ""de nieuwste oplossingen om de Space Frontier te overwinnen""";Workshop 2 Oplossingen;;Ja;Ja;Nee;;;;;;;;
11-09-18 17:11;bas4@outlook.com;bas korver243;243;Nee;Nee;;Alle dagen;Nee;"Lezing ""de nieuwste oplossingen om de Space Frontier te overwinnen""";Workshop 3 Oplossingen;;Ja;Ja;Nee;;;;;;;;
11-09-18 17:11;bas4@outlook.com;bas korver244;244;Nee;Nee;;Alle dagen;Nee;"Lezing ""de nieuwste oplossingen om de Space Frontier te overwinnen""";Workshop 1 Oplossingen;;Ja;Ja;Nee;;;;;;;;
11-09-18 17:11;bas4@outlook.com;bas korver245;245;Nee;Nee;;Alle dagen;Nee;"Lezing ""de nieuwste oplossingen om de Space Frontier te overwinnen""";Workshop 2 Oplossingen;;Ja;Ja;Nee;;;;;;;;
11-09-18 17:11;bas4@outlook.com;bas korver246;246;Nee;Nee;;Alle dagen;Nee;"Lezing ""de nieuwste oplossingen om de Space Frontier te overwinnen""";Workshop 3 Oplossingen;;Ja;Ja;Nee;;;;;;;;
11-09-18 17:11;bas4@outlook.com;bas korver247;247;Nee;Nee;;Alle dagen;Nee;"Lezing ""de nieuwste oplossingen om de Space Frontier te overwinnen""";Workshop 1 Oplossingen;;Ja;Ja;Nee;;;;;;;;
11-09-18 17:11;bas4@outlook.com;bas korver248;248;Nee;Nee;;Alle dagen;Nee;"Lezing ""de nieuwste oplossingen om de Space Frontier te overwinnen""";Workshop 2 Oplossingen;;Ja;Ja;Nee;;;;;;;;
11-09-18 17:11;bas4@outlook.com;bas korver249;249;Nee;Nee;;Alle dagen;Nee;"Lezing ""de nieuwste oplossingen om de Space Frontier te overwinnen""";Workshop 3 Oplossingen;;Ja;Ja;Nee;;;;;;;;
;;;;;;;;;;;;;;;;;;;;;;
